{
  "timestamp": 1771374233.291971,
  "devices": {
    "1038:1838": {
      "battery": 65,
      "charging": false,
      "timestamp": 1771374233.2919662
    }
  }
}