{
  "timestamp": 1771418355.5001779,
  "devices": {
    "1038:1838": {
      "battery": 60,
      "charging": false,
      "timestamp": 1771418355.5001748
    }
  }
}